company,location,total_laid_off,date,announcement_date_verified,percentage_laid_off,industry,sourceweb,stage,funds_raised,country,notes,source,ai_mentioned
Zebra Technologies,"Lincolnshire, Illinois",,12/12/2025,,,Hardware,https://www.therobotreport.com/zebra-technologies-winding-down-fetch-based-mobile-robot-group/,Post-IPO,,United States,"Is winding down its autonomous mobile robot (AMR) business, which was built after it acquired Fetch Robotics in 2021, per a report. The Illinois-based company is now considering whether to sell the AMR unit or shut it down, with most employees expected to leave by the end of 2025.",techcrunch,0
Amazon,"Seattle, Washington",84,12/15/2025,,,Retail,https://www.geekwire.com/2025/filing-amazon-cuts-84-jobs-in-washington-state-unrelated-to-broader-layoffs/,Post-IPO,,United States,"Is cutting 84 jobs in Seattle and Bellevue in its latest round of layoffs, according to several media reports. The reductions affect roles across engineering, recruiting, software development, and product management. The layoffs are scheduled for February 2 through February 23, 2026, and affected employees will receive at least 90 days of pay, benefits, and job transition assistance.",techcrunch,0
Payoneer,New York City,60,12/08/2025,,,Fintech,https://www.calcalistech.com/ctechnews/article/s1fu4c4zzg,Post-IPO,,United States,"Will let go of about 30 employees in Israel and a similar number of staff overseas, bringing the total reduction to roughly 6% of its global workforce.",techcrunch,0
Mobileye,"Jerusalem, Israel",200,12/08/2025,,,Hardware,https://www.calcalistech.com/ctechnews/article/hjznnzvzzl,Post-IPO,,Israel,"Is reportedly cutting 200 employees, about 4% of its global workforce. With over 3,000 of its 4,300 employees based in Israel, most of the cuts will affect its local teams.",techcrunch,0
Intel,"Santa Clara, California","21,000",12/09/2025,,,Hardware,https://techcrunch.com/2025/04/22/intel-reportedly-plans-to-lay-off-over-21000-employees/,Post-IPO,,United States,"The company continued with its stated goal of cutting a significant amount of its workforce this year, with 59 Bay Area jobs eliminated effective November 30, in a Employment Development Department filing caught by KRON4.",techcrunch,1
HP,"Palo Alto, California, USA",4000-6000,11/26/2025,,,Hardware,https://www.reuters.com/business/hp-cut-about-6000-jobs-by-2028-ramps-up-ai-efforts-2025-11-25/,Post-IPO,,United States,"Is reportedly set to cut 4,000 to 6,000 jobs worldwide by 2028 as it looks to streamline operations and leverage AI to speed up product development and boost efficiency.",techcrunch,1
Apple,"Cupertino, California, USA",100,11/25/2025,,,Hardware,https://www.bloomberg.com/news/articles/2025-11-24/apple-aapl-cuts-jobs-across-its-sales-organization-in-rare-layoff,Post-IPO,,United States,"Is cutting several sales positions handling accounts ranging from business and schools to government agencies, as it moves to streamline how it sells devices and services to businesses, schools, and government agencies, Bloomberg reports.",techcrunch,0
Playtika,"Herzliya, Israel",700¨C800 ,11/17/2025,,,Consumer,https://www.calcalistech.com/ctechnews/article/h1y4ejyg11g,Post-IPO,,Israel,"Announced plans to lay off about 20% of its workforce, 700 to 800 employees, next month, marking its fifth round of cuts since 2022, according to Calcalist. The Nasdaq-listed gaming company, valued at $1.5 billion, employs about 3,500 people.",techcrunch,0
Synopsys,"Sunnyvale, California, USA",2000,11/12/2025,,,Hardware,https://fintechbusinessweekly.substack.com/p/celtic-bank-faces-another-lawsuit,Post-IPO,,United States,"Plans to cut roughly 10% of its workforce and close several sites as part of a restructuring tied to its recent acquisition of Ansys, The Wall Street Journal reported. The layoffs, which are expected to affect about 2,000 employees, are scheduled to take place during fiscal 2026, which began November 1.",techcrunch,1
Hewlett-Packard,"San Jose, California, USA",2552,11/05/2025,,,Hardware,https://www.sfchronicle.com/tech/article/layoffs-hpe-hitachi-vantara-21140900.php,Post-IPO,,United States,"Is removing 52 positions at its San Jose campus, according to reporting from the San Francisco Chronicle. The layoffs, which began last month and will continue through November, affect employees across cloud development, engineering, and product management.",techcrunch,0
Amazon,"New York, New York, USA",14660,11/11/2025,,,Retail,https://www.usatoday.com/story/money/2025/11/11/amazon-nyc-layoffs-restructuring-november-2025/87221740007/,Post-IPO,,United States,"After Reuters reported that the company was planning to eliminate up to 30,000 corporate jobs, amounting to roughly 10% of its 350,000 employees in their corporate departments, Amazon shared that it would pursue an ¡°overall reduction in our corporate workforce of approximately 14,000 roles.¡± Since that news broke, Amazon has laid off 660 employees across multiple New York City offices, with more to come through the year.",techcrunch,0
Rivian,"Normal, Illinois, USA",600,10/23/2025,,,Transportation,https://techcrunch.com/2025/10/23/rivian-reportedly-cutting-600-workers-in-third-layoff-of-the-year/,Post-IPO,,United States,"Is cutting 600 jobs, about 4% of its workforce, amid an EV market pullback, marking its third layoff this year. Details of the latest layoffs remain undisclosed, while earlier cuts in June and September affected 100 to 150 employees in its commercial and manufacturing teams.",techcrunch,0
Meta,"Menlo Park, California, USA",600,10/22/2025,,,Consumer,https://techcrunch.com/2025/10/22/meta-cuts-600-ai-jobs-amid-ongoing-reorganization/,Post-IPO,,United States,"Has laid off approximately 600 employees across its AI infrastructure units, including the Fundamental AI Research (FAIR) team and other product-related roles. However, top-tier AI hires in TBD Labs, managed by new chief AI officer Alexandr Wang, will not be affected.",techcrunch,1
Applied Materials,"Santa Clara, California, USA",1400,10/23/2025,,,Hardware,https://www.investing.com/news/stock-market-news/applied-materials-to-lay-off-4-of-workforce-to-simplify-operations-4306282,Post-IPO,,United States,"Plans to cut about 4% of its workforce, or roughly 1,400 jobs, to streamline operations amid tighter U.S. semiconductor export controls",techcrunch,0
Google,"Mountain View, California, USA",100,10/01/2025,,,Consumer,https://www.cnbc.com/2025/10/01/google-cloud-unit-layoffs.html,Post-IPO,,United States,"Has cut over 100 design roles in its cloud division, hitting U.S.-based teams especially hard, as the company shifts focus toward AI investments, per a CNBC report. Many affected employees have until early December to find a new role within Google, following additional layoffs across its Silicon Valley offices, including at least 50 permanent cuts in Sunnyvale.",techcrunch,1
Paycom,"Oklahoma City, Oklahoma, USA",544,10/01/2025,,,SaaS,https://www.oklahoman.com/story/business/information-technology/2025/10/01/paycom-layoffs-2025-workers-replaced-with-ai/86448337007/,Post-IPO,,United States,"Is reportedly laying off over 500 employees due to AI and automation improving back-office efficiencies. The Oklahoma City-based HR and payroll software company will provide affected workers with severance packages, outplacement services, and access to internal job opportunities.",techcrunch,1
Just Eat,"Amsterdam, Netherlands",450,09/25/2025,,,Consumer,https://www.reuters.com/business/world-at-work/just-eat-lay-off-around-450-employees-partly-automating-operations-2025-09-25/,Post-IPO,,Netherlands,"Will eliminate around 450 jobs as part of a cost and operations review, according to Reuters. The layoffs will span multiple functions and countries, including customer service and sales. Europe¡¯s largest food delivery company said it is increasingly using automation and AI, shifting many manual service tasks to automated systems.",techcrunch,1
Fiverr,"Tel Aviv, Israel",250,09/15/2025,,,Consumer,https://www.wsj.com/business/fiverr-to-cut-about-250-jobs-in-refocusing-effort-reiterates-guidance-8f15ee4b,Post-IPO,,Israel,"Plans to cut around 250 jobs, approximately 30% of its workforce, as part of a push to become a leaner, faster, and AI-focused company, according to The Wall Street Journal. The Tel Aviv-headquartered freelance services marketplace said the restructuring will reduce management layers and position it to pursue growth with an AI-native approach.",techcrunch,1
ZipRecruiter,"Santa Monica, California, USA",80,09/16/2025,,,SaaS,https://www.calcalistech.com/ctechnews/article/pwjukv20s,Post-IPO,,United States,"Is closing its Tel Aviv development center, cutting about 80 jobs. Led by Yosi Taguri, the office specialized in software, data, and AI research, including algorithm development. The California-based recruitment firm, founded in 2010, is trimming costs amid a challenging labor market.",techcrunch,1
Rivian ,"Normal, Illinois, USA",600,09/04/2025,,,Transportation,https://www.wsj.com/business/autos/rivian-layoffs-ev-manufacturer-1f20bc7f,Post-IPO,,United States,"Has reportedly laid off about 200 workers, or 1.5% of its staff, as the company braces for the end of federal EV tax credits under President Trump¡¯s policy changes. The $7,500 incentive for new electric cars expires this month, adding to pressure from cooling demand. Despite the cuts, Rivian says it¡¯s moving ahead with plans for a lower-cost model.",techcrunch,0
Oracle," Seattle, Washington, USA",350-1000,09/03/2025,,,Hardware,https://www.seattletimes.com/business/cloud-computing-giant-oracle-lays-off-more-seattle-workers/,Post-IPO,,United States,"Is cutting another 101 jobs in Seattle and 254 in San Francisco, just weeks after a wave of layoffs in August. The company, which had about 3,900 local employees before the cuts, hasn¡¯t explained the move and declined to comment.",techcrunch,1
Salesforce,"San Francisco, California, USA",4262,09/02/2025,,,SaaS,https://www.kron4.com/news/bay-area/salesforce-laying-off-262-employees-in-san-francisco-after-ceo-praises-ai/,Post-IPO,,United States,"Is trimming another 262 jobs at its San Francisco headquarters, according to a state filing, with layoffs set to take effect November 3. The move comes just weeks after CEO Marc Benioff touted AI¡¯s potential to cut customer support roles and follows a smaller round of cuts in Seattle and Bellevue earlier this month.",techcrunch,1
Cisco,"Milpitas & San Francisco, California, USA",221,08/21/2025,,,Hardware,https://www.sfchronicle.com/tech/article/cisco-oracle-layoffs-bay-area-20824135.php,Post-IPO,,United States,"Will eliminate 221 positions across its Milpitas and San Francisco offices, including 157 in Santa Clara County and 64 in San Francisco, effective October 13, according to filings with California¡¯s Employment Development Department reported by the San Francisco Chronicle. The cuts are part of the company¡¯s broader workforce-reduction strategy.",techcrunch,1
Oracle," Seattle, Washington, USA",254,08/14/2025,,,SaaS,https://www.restaurantbusinessonline.com/technology/tech-supplier-restaurant365-lays-9-staff,Post-IPO,,United States,"Is set to cut 101 jobs at its Santa Clara location, with notices issued on August 13 and terminations effective October 13. The company, which recently disclosed nearly 200 layoffs at its Pleasanton and Redwood City offices, is also planning to lay off 161 employees in Seattle, according to filings with the Washington state Employment Security Department.",techcrunch,1
Peloton,"New York, USA",200-250,08/07/2025,,,Consumer,https://www.theverge.com/news/754154/peloton-q4-2025-earnings-layoffs-wellness-price,Post-IPO,,United States,Will cut 6% of its workforce in its sixth layoff in just over a year. Peloton CEO Peter Stern said the cuts are needed to improve long-term business health.,techcrunch,0
Kaltura,"New York, USA / Israel",70,08/07/2025,,,SaaS,https://www.calcalistech.com/ctechnews/article/6a8duhohw,Post-IPO,,United States,"Is cutting 10% of its workforce, or about 70 employees, as part of a cost-saving effort to reduce operating expenses by $8.5 million, marking its third round of layoffs since 2022. The corporate video software company plans to maintain and gradually grow its sales and marketing budgets, driven by a robust pipeline and growing adoption of its AI-powered offerings.",techcrunch,1
Atlassian,"Sydney, Australia",150,07/30/2025,,,SaaS,https://techcrunch.com/2025/08/05/three-weeks-after-acquiring-windsurf-cognition-offers-staff-the-exit-door/,Post-IPO,,Australia,"Has cut 150 roles in customer service and support, following enhancements to its platform and tools that have significantly reduced support needs. The decision came via a prerecorded message from CEO Mike Cannon-Brookes, just hours before co-founder Scott Farquhar urged Australia to embrace an ¡°AI revolution¡± and move beyond ¡°jobs of the past¡± in an Australian Press Club address. The Australian software firm was founded 2002.",techcrunch,0
Lenovo,"Morrisville, North Carolina, USA",100,07/16/2025,,,Hardware,https://www.newsobserver.com/news/business/article310699130.html,Post-IPO,,Australia,"Plans to cut more than 100 U.S. full-time jobs, about 3% of its workforce, including positions at its Morrisville, North Carolina, campus. As of February 2024, the PC maker employed around 5,100 workers in the U.S.",techcrunch,1
Intel,"Santa Clara, California",3100,07/11/2025,,,Hardware,https://www.oregonlive.com/silicon-forest/2025/07/intel-bombshell-chipmaker-will-lay-off-2400-oregon-workers.html,Post-IPO,,United States,"Is reportedly planning to lay off nearly 2,400 workers in Oregon, which is almost five times more than what was announced earlier this week. Last week, Intel announced that it will lay off more than 500 employees in Oregon, which is about 20% of its workforce, per Bloomberg.  ",techcrunch,1
Microsoft,"Redmond, Washington, USA",9000,07/02/2025,,,SaaS,https://www.cnbc.com/2025/07/02/microsoft-laying-off-about-9000-employees-in-latest-round-of-cuts.html,Post-IPO,,United States,"Will cut 9,000 employees, which is less than 4% of its global workforce across teams, role types, and geographies. The reduction follows a series of layoffs earlier this year: It cut less than 1% of the headcount in January, more than 6,000 in May, and at least 300 in June.",techcrunch,1
TomTom,"Amsterdam, Netherlands",300,06/30/2025,,,SaaS,https://www.tomtom.com/newsroom/press-releases/earnings-other/29121/tomtom-advances-its-product-led-strategy-and-realigns-its-organization/,Post-IPO,,Netherlands,"Announced on June 30 that the company is cutting 300 jobs, or 10% of its workforce, as part of organizational restructuring within its sales and support divisions amid the AI shift. The startup is an Amsterdam-based location tech startup that provides navigation and mapping products.",techcrunch,1
Rivian,"Normal, Illinois, USA",140,06/26/2025,,,Transportation,https://techcrunch.com/2025/06/26/rivian-cuts-dozens-on-manufacturing-team-ahead-of-r2-launch/,Post-IPO,,United States,"Has reduced its headcount by approximately 140 employees, accounting for roughly 1% of its total workforce. The recent layoffs mostly affected Rivian¡¯s manufacturing team.",techcrunch,0
Bumble,"Austin, Texas, USA",240,06/25/2025,,,Consumer,https://www.cnbc.com/2025/06/25/bumble-layoffs.html,Post-IPO,,United States,"Announced in an SEC filing that it will cut approximately 240 jobs, or 30% of its workforce, to enhance operational efficiency and allocate the resulting savings to the development of new products and technologies, according to a CNBC report. The layoff will help the online dating app save $40 million annually, per the report.",techcrunch,0
Google,"Mountain View, California, USA",75,06/23/2025,,,Consumer,https://finance.yahoo.com/news/google-reportedly-cuts-smart-tv-195149820.html,Post-IPO,,United States,"Has downsized its smart TV division by 25% of its 300-member team to adjust its strategy, per reports. Funding for the smart TV division, including Google TV and Android TV, has been cut by 10%, but investment in AI projects has been raised.",techcrunch,1
Intel,"Santa Clara, California",,06/17/2025,,,Hardware,https://techcrunch.com/2025/06/17/intel-to-layoff-up-to-20-of-intel-foundry-workers/,Post-IPO,,United States,"Says that it plans to lay off 15% to 20% of workers in its Intel Foundry division starting in July. Intel Foundry designs, manufactures, and packages semiconductors for external clients. Intel¡¯s total workforce was 108,900 people as of December 2024, according to the company¡¯s annual regulatory filing. It also confirmed to TechCrunch that it plans to wind down its auto business.",techcrunch,1
Playtika ,"Herzliya, Israel & Warsaw, Poland",90,06/05/2025,,,Consumer,https://www.calcalistech.com/ctechnews/article/hjhutnrggg,Post-IPO,, Poland,"Announced that it is letting go of around 90 employees, with 40 in Israel and 50 in Poland. The most recent round of job cuts comes after the Israel-based gaming company laid off 50 employees a few weeks ago.",techcrunch,0
Microsoft,"Redmond, Washington, USA",305,06/03/2025,,,SaaS,https://www.geekwire.com/2025/latest-microsoft-layoffs-target-engineering-product-and-legal-roles-records-show/,Post-IPO,,United States,"Is laying off more employees, just a few weeks after announcing a job cut of over 6,500 in May, which was around 3% of its global workforce. The most recent layoffs affected software engineers, product managers, technical program managers, marketers, and legal counsels.",techcrunch,1
Hims & Hers,"San Francisco, California, USA",68,06/30/2025,,,Healthcare,https://www.reuters.com/business/healthcare-pharmaceuticals/hims-cut-4-workforce-amid-ban-weight-loss-drug-copies-2025-05-30/,Post-IPO,,United States,"Plans to downsize its workforce by letting go of 68 employees, approximately 4% of its total staff, per Reuters. The San Francisco telehealth platform said that its layoffs were unrelated to a U.S. ban on producing large quantities of the weight-loss drug Wegovy. The startup said it intends to keep on recruiting employees who fit in with its long-term expansion plans.",techcrunch,1
Amazon,"Seattle, Washington",100,06/28/2025,,,Retail,https://www.aboutamazon.com/what-we-do/devices-services,Post-IPO,,United States,"Is reportedly laying off around 100 employees from its devices and services division, which encompasses various businesses like the Alexa voice assistant, Echo smart speakers, Ring video doorbells, and Zoox robotaxis. The company has reduced its workforce by approximately 27,000 since the start of 2022 to cut costs.",techcrunch,1
Microsoft,"Redmond, Washington, USA","6,500¨C7,000",05/13/2025,,,SaaS,https://techcrunch.com/2025/05/13/microsoft-is-reportedly-about-to-lay-off-3-of-its-workforce/,Post-IPO,,United States,"Will cut over 6,500 jobs, affecting 3% of its worldwide workforce. As of June, the Seattle-headquartered company had a total of 228,000 employees globally. It would be one of the company¡¯s biggest layoffs since it cut 10,000 employees in 2023.",techcrunch,1
Chegg,"Santa Clara, California, USA",248,05/13/2025,,,Edtech,https://www.reuters.com/world/americas/chegg-lay-off-22-workforce-ai-tools-shake-up-edtech-industry-2025-05-12/,Post-IPO,,United States,"Reportedly plans to let go of 248 employees, or about 22% of its workforce, to reduce expenses and improve efficiency, it said. The San Francisco-based edtech startup, which offers textbook rentals and tutoring services, has seen a drop in web traffic for months as students opt for AI tools instead of traditional edtech platforms.",techcrunch,1
Match,"Dallas, Texas, USA",325,05/08/2025,,,Consumer,https://techcrunch.com/2025/05/08/match-to-lay-off-13-of-staff/,Post-IPO,,United States,"Is reducing its workforce by 13% as part of a reorganization that aims to reduce costs, shore up margins, and streamline its organizational structure.",techcrunch,1
CrowdStrike,"Austin, Texas, USA",,05/07/2025,,,SaaS,https://techcrunch.com/2025/05/07/crowdstrike-says-it-will-lay-off-500-workers/,Post-IPO,,United States,"Is laying off 5% of its global workforce, or around 500 people. The company said the layoffs were part of ¡°a strategic plan (the ¡®Plan¡¯) to evolve its operations to yield greater efficiencies as the Company continues to scale its business with focus and discipline to meet its goal of $10 billion in ending [Annual Recurring Revenue]¡± in its 8-K filing.",techcrunch,1
NetApp,"San Jose, California, USA",700,04/28/2025,,,Hardware,https://www.calcalistech.com/ctechnews/article/bjfqkgbglx,Post-IPO,,United States,"Is reportedly eliminating 700 jobs, affecting 6% of its total workforce, as it reorganizes for its operational efficiency. The company, based in San Francisco, provides data storage, cloud services, and CloudOps solutions for businesses.",techcrunch,1
Electronic Arts,"Redwood City, California, USA",,04/29/2025,,,Media,https://www.bloomberg.com/news/articles/2025-04-29/electronic-arts-lays-off-hundreds-cancels-titanfall-game,Post-IPO,,United States,"Is reportedly letting go of approximately 300 to 400 employees, including around 100 at Respawn Entertainment, to focus on its ¡°long-term strategic priorities,¡± according to Bloomberg.",techcrunch,0
Expedia,"Seattle, Washington, USA",500,04/29/2025,,,Media,https://finance.yahoo.com/news/expedia-restructures-product-tech-teams-153000366.html?guccounter=1&guce_referrer=aHR0cHM6Ly93d3cuZ29vZ2xlLmNvbS8&guce_referrer_sig=AQAAAAMwbf4Ui78KsWVV6iEAipemeFB1X-PMZENsadXSwGHuJ1ffrA6agXIGuZUR-JYUUOFWlnMmwE6iMtGTbrwgglj_n83P_496rt2ad4eFyG4rkRLsBcyvcmtne8W8RexCFqbU42XD006uAWtc1yxT9cm6f1m5crT2qCowDdvCUqy-,Post-IPO,,United States,Is laying off around 3% of its employees as part of its restructuring. The job cuts will mainly affect midlevel positions in the product and technology teams. The latest round of layoffs comes after the company let go of hundreds of employees from its marketing team globally in early March.,techcrunch,1
Meta,"Menlo Park, California, USA",100,04/25/2025,,,Media,https://www.theverge.com/meta/655835/meta-layoffs-reality-labs-vr-supernatural,Post-IPO,,United States,"Is letting go of over 100 employees in its Reality Labs division, which manages virtual reality and wearable technology, according to The Verge. The job cuts affect employees developing VR experiences for Meta¡¯s Quest headsets and staff working on hardware operations to streamline similar work between the two teams.",techcrunch,1
Intel,"Santa Clara, California","21,800",04/22/2025,,,Hardware,https://techcrunch.com/2025/04/22/intel-reportedly-plans-to-lay-off-over-21000-employees/,Post-IPO,,United States,"Announced its plan to lay off more than 21,000 employees, or roughly 20% of its workforce, in April. The move comes ahead of Intel¡¯s Q1 earnings call helmed by recently appointed CEO Lip-Bu Tan, who took over from longtime chief Pat Gelsinger last year.",techcrunch,1
GM,"Detroit, Michigan, USA",200,04/10/2025,,,Hardware,https://www.freep.com/story/money/cars/2025/04/10/gm-layoff-factory-zero-employees-detroit-hamtramck/83024254007/,Post-IPO,,United States,"Is laying off 200 people at its Factory Zero in Detroit and Hamtramck facility in Michigan, which produces GM¡¯s electric vehicles. The cuts come amid the EV slowdown and is not caused by tariffs, according to a report.",techcrunch,0
Five9,"San Ramon, California, USA",120,04/03/2025,,,SaaS,https://www.marketwatch.com/story/five9-to-cut-4-of-workforce-cd4da325,Post-IPO,,United States,"Plans to cut 123 jobs, affecting about 4% of its workforce, according to a report by MarketWatch. The software company prioritizes key strategic areas like artificial intelligence for profitable growth.",techcrunch,1
Google,"Mountain View, California, USA",,04/11/2025,,,Consumer,https://www.theinformation.com/briefings/google-lays-hundreds-employees-android-pixel-group,Post-IPO,,United States,"Has laid off hundreds of employees in its platforms and devices division, which covers Android, Pixel phones, the Chrome browser, and more, according to The Information.",techcrunch,1
Microsoft,"Redmond, Washington, USA",,04/09/2025,,,SaaS,https://www.businessinsider.com/microsoft-mulls-more-job-cuts-managers-non-coders-2025-4,Post-IPO,,United States,"Is contemplating additional layoffs that could happen by May, Business Insider reported, citing anonymous sources. The company is said to be discussing reducing the number of middle managers and non-coders in a bid to increase the ratio of programmers to product managers.",techcrunch,1
Block ,"San Francisco, California, USA",931,03/25/2025,,,Fintech,https://techcrunch.com/2025/03/25/read-the-email-jack-dorsey-sent-when-he-cut-931-of-blocks-staff/,Post-IPO,,United States,"Let go of 931 employees, around 8% of its workforce, as part of a reorganization, according to an internal email seen by TechCrunch. Jack Dorsey, the co-founder and CEO of the fintech company, wrote in the email that the layoffs were not for financial reasons or to replace workers with AI.",techcrunch,0
Siemens ,"Munich, Germany","2,000¨C3,000",03/18/2025,,,Hardware,https://press.siemens.com/global/en/pressrelease/siemens-strengthen-competitiveness-automation-business-and-electric-vehicle-charging,Post-IPO,,Germany,"Announced plans to let go of approximately 5,600 jobs globally in its automation and electric-vehicle charging businesses as part of efforts to improve competitiveness.",techcrunch,1
HelloFresh,"Grand Prairie, Texas, USA",273,03/13/2025,,,Consumer,https://www.dallasnews.com/business/retail/2025/03/13/hellofresh-cutting-over-270-jobs-closing-grand-prairie-site/,Post-IPO,,United States,"Is reportedly laying off 273 employees, closing its distribution center in Grand Prairie, Texas, and consolidating to another site in Irving to manage the volume in the region.",techcrunch,0
Wayfair,"Boston, Massachusetts, USA",340,03/07/2025,,,Retail,https://finance.yahoo.com/news/retailer-wayfair-restructures-technology-team-135556649.html?guccounter=1,Post-IPO,,United States,Announced plans to let go of 340 employees in its technology division as part of a new restructuring effort.,techcrunch,1
HPE,"Houston, Texas, USA",2500,03/06/2025,,,Hardware,https://www.cnbc.com/2025/03/06/hewlett-packard-enterprise-hpe-q1-earnings-report-2025.html,Post-IPO,,United States,"Will cut 2,500 employees, or 5% of its total staff, in response to its shares sliding 19% in the first fiscal quarter.",techcrunch,1
LiveRamp,"San Francisco, California, USA",65,03/07/2025,,,SaaS,https://www.benzinga.com/news/guidance/25/03/44189581/saas-company-liveramp-lays-off-5-of-full-time-workforce-amid-strategic-restructuring,Post-IPO,,United States,"Announced it will lay off 65 employees, affecting 5% of its total workforce.",techcrunch,0
HP,"Palo Alto, California, USA",2000,02/28/2025,,,Hardware,https://www.etnownews.com/technology/flipkart-shuts-down-ans-commerce-after-3-years-lays-off-employees-amid-e-commerce-restructuring-details-article-118657546,Post-IPO,,United States,"Will cut up to 2,000 jobs as part of its ¡°Future Now¡± restructuring plan that hopes to save the company $300 million before the end of its fiscal year.",techcrunch,0
Autodesk,"San Francisco, California, USA",1350,02/27/2025,,,SaaS,https://www.sec.gov/Archives/edgar/data/769397/000076939725000013/ceoemployeeannouncement.htm,Post-IPO,,United States,"Announced plans to lay off 1,350 employees, affecting 9% of its total workforce, in an attempt to reshape its GTM model. The company is also making reductions in its facilities, though it does not plan to close any offices.",techcrunch,1
Google,"Mountain View, California, USA",,02/27/2025,,,Consumer ,https://www.cnbc.com/2025/02/27/google-makes-cuts-to-hr-and-cloud-units.html,Post-IPO,,United States,Is planning to cut employees in its People Operations and cloud organizations teams in a new reorganization effort. The company is offering a voluntary exit program to U.S.-based People Operations employees.,techcrunch,1
Nautilus,"Seattle, Washington, USA",25,02/27/2025,,,Healthcare,https://www.geekwire.com/2025/nautilus-biotechnology-layoffs-16-of-workforce-plans-release-of-commercial-platform-in-2026/,Post-IPO,,United States,"Reduced its headcount by 25 employees, accounting for 16% of its total workforce. The company is planning to release a commercial version of its proteome analysis platform in 2026.",techcrunch,0
eBay ,"Netanya, Israel",20,02/26/2025,,,Retail,https://www.calcalistech.com/ctechnews/article/bjgsl8n9yl,Post-IPO,,Israel,"Will reportedly cut a few dozen employees in Israel, potentially affecting 10% of its 250-person workforce in the country.",techcrunch,0
Starbucks,"Seattle, Washington, USA",,02/25/2025,,,Consumer,https://www.bloomberg.com/news/articles/2025-02-25/starbucks-to-outsource-some-tech-work-after-corporate-shake-up,Post-IPO,,United States,"Cut 1,100 jobs in a reorganizing effort that affected its tech workers. The coffee chain will now outsource some tech work to third-party employees.",techcrunch,1
Dayforce,"Minneapolis, Minnesota, USA",480,02/26/2025,,,SaaS,https://www.marketwatch.com/story/dayforce-to-cut-about-5-of-workforce-in-efficiency-drive-2eabda38?mod=investing,Post-IPO,,United States,Will cut roughly 5% of its current workforce in a new efficiency drive to increase profitability and growth.,techcrunch,0
Expedia,"Seattle, Washington, USA",1500,02/25/2025,,,Consumer,https://www.geekwire.com/2025/expedia-confirms-layoffs-at-seattle-travel-giant/,Post-IPO,,United States,"Laid off more employees in a new effort to cut costs, though the total number is unknown. Last year, the travel giant cut about 1,500 roles in its Product & Technology division.",techcrunch,1
Redfin,"Seattle, Washington, USA",450,02/12/2025,,,Real Estate,https://www.realestatenews.com/2025/02/12/redfin-to-cut-450-roles-following-zillow-rentals-deal,Post-IPO,,United States,"Announced in an SEC filing that it will cut around 450 positions between February and July 2025, with a complete restructuring set to be completed in the fall, following its new partnership with Zillow.",techcrunch,0
Unity ,"San Francisco, California, USA",200,02/10/2025,,,SaaS,https://www.theverge.com/news/610165/unity-layoffs-2025-runtime-fee,Post-IPO,,United States,Reportedly conducted another round of layoffs. It¡¯s unknown how many employees were affected.,techcrunch,1
JustWorks,"New York, New York, USA",200,02/10/2025,,,SaaS,https://www.justworks.com/press/company-news/a-note-from-justworks-ceo-mike-seckler,Post-IPO,,United States,"Cut nearly 200 employees, CEO Mike Seckler announced in a note to employees, citing ¡°potential adverse events¡± like a recession or rising interest rates.",techcrunch,1
Sprinklr,"New York, USA",500,02/06/2025,,,SaaS ,https://techcrunch.com/2025/02/06/sprinklr-cuts-500-employees-citing-underwhelming-business-performance/,Post-IPO,,United States,"Laid off about 500 employees, affecting 15% of its workforce, citing poor business performance. The new cuts follow two earlier layoff rounds for the company that affected roughly 200 employees.",techcrunch,1
Sonos,"Santa Barbara, California, USA",200,02/05/2025,,,Hardware,https://www.theverge.com/news/607022/sonos-february-layoffs-app-problems,Post-IPO,,United States,"Reportedly let go of approximately 200 employees, according to The Verge. The company previously cut 100 employees as part of a layoff round in August 2024. ",techcrunch,0
Workday ,"Pleasanton, California, USA",1750,02/05/2025,,,SaaS,https://techcrunch.com/2025/02/05/workday-cuts-nearly-2000-employees/,Post-IPO,,United States,"Laid off 1,750 employees, as originally reported by Bloomberg and confirmed independently by TechCrunch. The cuts affect roughly 8.5% of the enterprise HR platform¡¯s total headcount.",techcrunch,1
Okta,"San Francisco, California, USA",180,02/04/2025,,,SaaS,https://techcrunch.com/2025/02/04/okta-lays-off-180-employees-nearly-one-year-after-last-workforce-reduction/,Post-IPO,,United States,"Laid off 180 employees, the company confirmed to TechCrunch. The cuts come just over one year after the access and identity management giant let go of 400 workers.",techcrunch,0
Salesforce,"San Francisco, California, USA",1000,02/04/2025,,,SaaS,https://www.bloomberg.com/news/articles/2025-02-04/salesforce-cutting-1-000-roles-while-hiring-salespeople-for-ai,Post-IPO,,United States,"Is reportedly eliminating more than 1,000 jobs. The cuts come as the giant is actively recruiting and hiring workers to sell new AI products.",techcrunch,1
Amazon,"Seattle, Washington",,01/29/2025,,,Retail,https://www.bloomberg.com/news/articles/2025-01-29/amazon-cuts-dozens-of-corporate-jobs-in-latest-round-of-layoffs,Post-IPO,,United States,"Laid off dozens of workers in its communications department in order to help the company ¡°move faster, increase ownership, strengthen our culture, and bring teams closer to customers.¡±",techcrunch,0
Meta,"Menlo Park, California, USA",3600,01/04/2025,,,Media ,https://techcrunch.com/2025/01/21/stripe-is-laying-off-300-people-but-says-it-still-plans-to-hire-in-2025/,Post-IPO,,United States,"Announced in an internal memo that it will cut 5% of its staff targeting ¡°low performers¡± as the company prepares for ¡°an intense year.¡± As of its latest quarterly report, Meta currently has more than 72,000 employees.",techcrunch,1
Wayfair,Germany,730,01/10/2025,,,Retail,https://www.cnbc.com/2025/01/10/wayfair-to-exit-germany-cut-730-jobs-in-latest-layoffs.html,Post-IPO,,Germany,"Will cut up to 730 jobs, affecting 3% of its total workforce, as it plans to exit operations in Germany and focus on physical retailers.",techcrunch,0
SolarEdge Technologies,"Herzliya, Israel",400,01/06/2025,,,Hardware,https://www.reuters.com/business/energy/solaredge-technologies-lay-off-400-employees-globally-2025-01-06/,Post-IPO,,Israel,Plans to lay off 400 employees globally. It¡¯s the company¡¯s fourth layoff round since January 2024 as the solar industry as a whole faces a downturn.,techcrunch,0
Oracle,Austin,491,3/31/2026,,,Data,https://www.reuters.com/business/world-at-work/oracle-begins-cutting-thousands-jobs-cnbc-reports-2026-03-31/,Post-IPO,,United States,WARN subset,crunchbase,0
Synopsys,SF Bay Area,55,3/25/2026,,,Hardware,https://whatnow.com/news/trending/prominent-electronic-design-automation-company-to-lay-off-55-at-sunnyvale-site/,Post-IPO,,United States,,crunchbase,0
OpenText,Waterloo,880,3/24/2026,,0.04,Data,https://betakit.com/opentext-employees-report-job-cuts-tied-to-apparent-restructuring/,Post-IPO,1000,Canada,Approx from 4%,crunchbase,0
Spotify,Stockholm,15,3/23/2026,,0.03,Media,https://frontofficesports.com/spotify-lays-off-15-employees-multiple-ringer-staffers/,Post-IPO,2060,Sweden,Unit-specific,crunchbase,0
Snowflake,Bozeman,70,3/19/2026,,,Data,https://www.businessinsider.com/snowflake-layoffs-strategy-ai-growth-2026-3,Post-IPO,1560,United States,,crunchbase,0
Ubisoft,Raleigh,105,3/19/2026,,,Media,https://finance.yahoo.com/sectors/technology/articles/ubisoft-lays-off-105-staff-171338594.html,Post-IPO,2900,France,Studio-specific,crunchbase,0
Autodesk,SF Bay Area,1000,1/22/2026,,0.07,Other,https://www.reuters.com/business/world-at-work/autodesk-lay-off-about-7-workforce-2026-01-22/,Post-IPO,,United States,,crunchbase,1
Verizon,New York City,13000,11/20/2025,,,Consumer,https://www.reuters.com/business/world-at-work/verizon-cutting-more-than-13000-jobs-it-restructures-2025-11-20/,Post-IPO,6600,United States,,crunchbase,0
Amazon,Seattle,14000,10/27/2025,,,Retail,https://www.reuters.com/sustainability/amazon-lay-off-about-14000-roles-2025-10-28/,Post-IPO,8,United States,,crunchbase,1
Microsoft,Seattle,9000,7/2/2025,,0.04,Other,https://www.reuters.com/business/world-at-work/microsoft-lay-off-many-9000-employees-seattle-times-reports-2025-07-02/,Post-IPO,,United States,,crunchbase,0
CrowdStrike,Austin,500,5/7/2025,,0.05,Security,https://www.reuters.com/sustainability/crowdstrike-lay-off-5-staff-reaffirms-forecasts-2025-05-07/,Post-IPO,481,United States,,crunchbase,0
Workday,SF Bay Area,1750,2/5/2025,,0.085,Other,https://www.reuters.com/business/workday-cut-85-its-workforce-2025-02-05/,Post-IPO,85,United States,,crunchbase,1
Dropbox,SF Bay Area,528,10/30/2024,,0.2,Data,https://techcrunch.com/2024/10/30/dropbox-is-laying-off-20-of-its-staff/,Post-IPO,1700,United States,Strategy shift,crunchbase,0
Tesla,Austin,14000,4/15/2024,,0.1,Transportation,https://www.nytimes.com/2024/04/15/business/tesla-layoff-elon-musk.html,Post-IPO,408,United States,Reported >10%,crunchbase,0
Expedia,Seattle,1500,2/26/2024,,0.09,Consumer,https://www.reuters.com/technology/expedia-cut-about-1500-jobs-latest-restructuring-2024-02-26/,Post-IPO,,United States,,crunchbase,0
DocuSign,SF Bay Area,400,2/6/2024,,0.06,Other,https://www.reuters.com/technology/docusign-cut-6-its-workforce-part-restructuring-plan-2024-02-06/,Post-IPO,540,United States,,crunchbase,0
Okta,SF Bay Area,400,2/1/2024,,0.07,Security,https://techcrunch.com/2024/02/01/okta-layoffs-400-employees/,Post-IPO,230,United States,,crunchbase,0
Block,SF Bay Area,1000,1/30/2024,,0.077,Finance,https://www.reuters.com/technology/jack-dorseys-block-starts-cutting-jobs-under-previously-disclosed-plan-source-2024-01-30/,Post-IPO,590,United States,Approx from plan,crunchbase,0
PayPal,SF Bay Area,2500,1/30/2024,,0.09,Finance,https://www.reuters.com/business/payments-firm-paypal-cut-around-2500-jobs-bloomberg-news-2024-01-30/,Post-IPO,216,United States,,crunchbase,0
SAP,Walldorf,8000,1/24/2024,,0.07,Other,https://www.reuters.com/technology/sap-announces-company-wide-restructuring-updates-2025-outlook-2024-01-23/,Post-IPO,,Germany,,crunchbase,1
eBay,SF Bay Area,1000,1/23/2024,,0.09,Retail,https://www.reuters.com/business/ebay-slash-1000-jobs-scale-back-contracts-2024-01-24/,Post-IPO,11.2,United States,,crunchbase,0
Wayfair,Boston,1650,1/19/2024,,0.13,Retail,https://www.reuters.com/business/retail-consumer/wayfair-cut-1650-jobs-2024-01-19/,Post-IPO,1300,United States,,crunchbase,0
Unity,SF Bay Area,1800,1/8/2024,,0.25,Media,https://www.reuters.com/technology/unity-software-cutting-25-staff-company-reset-continuation-2024-01-08/,Post-IPO,894,United States,,crunchbase,0
Xerox,Norwalk,3000,1/3/2024,,0.15,Hardware,https://www.cbsnews.com/news/xerox-layoffs-15-percent-workers-printers/,Post-IPO,,United States,Approx from 15%,crunchbase,0
Spotify,Stockholm,1500,12/4/2023,,0.17,Media,https://www.reuters.com/technology/spotify-reduce-staff-by-17-second-layoff-this-year-2023-12-04/,Post-IPO,2060,Sweden,,crunchbase,0
Nokia,Espoo,14000,10/19/2023,,,Hardware,https://www.reuters.com/business/media-telecom/nokia-sales-drop-slowing-5g-gear-demand-2023-10-19/,Post-IPO,,Finland,Up to figure,crunchbase,0
Amazon,Seattle,9000,3/20/2023,,,Retail,https://www.reuters.com/technology/amazon-lay-off-9000-more-workers-cnbc-2023-03-20/,Post-IPO,8,United States,,crunchbase,0
Meta,SF Bay Area,10000,3/14/2023,,,Consumer,https://www.reuters.com/technology/facebook-parent-meta-lay-off-10000-employees-second-round-job-cuts-2023-03-14/,Post-IPO,25600,United States,,crunchbase,0
Twilio,SF Bay Area,1500,2/13/2023,,0.17,Other,https://www.reuters.com/technology/twilio-cut-17-staff-close-offices-focus-profitability-2023-02-13/,Post-IPO,234,United States,,crunchbase,0
Zoom,SF Bay Area,1300,2/7/2023,,0.15,Other,https://www.reuters.com/technology/zoom-cut-headcount-by-15-2023-02-07/,Post-IPO,157,United States,,crunchbase,0
eBay,SF Bay Area,500,2/7/2023,,0.04,Retail,https://www.reuters.com/technology/ebay-lay-off-500-employees-2023-02-07/,Post-IPO,11.2,United States,,crunchbase,0
Dell,Austin,6650,2/6/2023,,0.05,Hardware,https://www.reuters.com/technology/dell-slash-about-6650-jobs-bloomberg-news-2023-02-06/,Post-IPO,,United States,,crunchbase,0
PayPal,SF Bay Area,2000,1/31/2023,,0.07,Finance,https://www.reuters.com/technology/paypal-lay-off-7-its-workforce-2023-01-31/,Post-IPO,,United States,,crunchbase,0
Alphabet,SF Bay Area,12000,1/20/2023,,0.06,AI,https://www.reuters.com/business/google-parent-lay-off-12000-workers-memo-2023-01-20/,Post-IPO,,United States,,crunchbase,1
Microsoft,Seattle,10000,1/18/2023,,,Other,https://www.reuters.com/technology/microsoft-cut-10000-jobs-tech-layoffs-intensify-2023-01-18/,Post-IPO,,United States,,crunchbase,0
HP,SF Bay Area,6000,11/22/2022,,0.12,Hardware,https://www.reuters.com/business/hp-cut-up-6000-jobs-2022-11-22/,Post-IPO,5250,United States,,crunchbase,0
Amazon,Seattle,10000,11/14/2022,,,Retail,https://www.reuters.com/business/retail-consumer/amazon-plans-lay-off-10000-people-starting-this-week-nyt-2022-11-14/,Post-IPO,8,United States,Early report,crunchbase,0
Meta,SF Bay Area,11000,11/9/2022,,0.13,Consumer,https://www.reuters.com/technology/meta-cut-more-than-11000-jobs-one-biggest-us-layoffs-this-year-2022-11-09/,Post-IPO,25600,United States,,crunchbase,0
Robinhood,SF Bay Area,780,8/2/2022,,0.23,Finance,https://www.reuters.com/technology/robinhood-cutting-workforce-by-23-2022-08-02/,Post-IPO,5600,United States,Second round,crunchbase,0
Shopify,Ottawa,1000,7/26/2022,,0.1,Retail,https://www.reuters.com/business/retail-consumer/shopify-lay-off-10-workforce-wsj-2022-07-26/,Post-IPO,122,Canada,,crunchbase,0
